Alias,VTP Name,Full Path
error,VTP09,E:\Dev Phase\VTP09\VTP09_1.13\photo_evidence\20260223_042322_Step14-Error_Screen.png
start_session,VTP09,E:\Dev Phase\VTP09\VTP09_1.13\photo_evidence\20260223_042221_Step10-Start_Session_Screen.png
shutting_down,VTP09,E:\Dev Phase\VTP09\VTP09_1.13\photo_evidence\20260223_042055_Step7-Shutting_Down_Screen.png
error,VTP09,E:\Dev Phase\VTP09\VTP09_1.13\photo_evidence\20260223_042053_Step5-Error_Screen.png
error,VTP09,E:\Dev Phase\VTP09\VTP09_1.13\photo_evidence\20260223_033850_Step14-Error_Screen.png
start_session,VTP09,E:\Dev Phase\VTP09\VTP09_1.13\photo_evidence\20260223_033744_Step10-Start_Session_Screen.png
shutting_down,VTP09,E:\Dev Phase\VTP09\VTP09_1.13\photo_evidence\20260223_033619_Step7-Shutting_Down_Screen.png
error,VTP09,E:\Dev Phase\VTP09\VTP09_1.13\photo_evidence\20260223_033617_Step5-Error_Screen.png
error,VTP09,E:\Dev Phase\VTP09\VTP09_1.13\photo_evidence\20260212_111926_Step14-Error_Screen.png
start_session,VTP09,E:\Dev Phase\VTP09\VTP09_1.13\photo_evidence\20260212_111755_Step10-Start_Session_Screen.png
shutting_down,VTP09,E:\Dev Phase\VTP09\VTP09_1.13\photo_evidence\20260212_111623_Step7-Shutting_Down_Screen.png
error,VTP09,E:\Dev Phase\VTP09\VTP09_1.13\photo_evidence\20260212_111614_Step5-Error_Screen.png